   	        	                fitness                 	              size             
   	        	----------------------------------------	-------------------------------
gen	time    	avg     	max    	min	std     	avg    	max	min	std    
0  	0.944249	0.421201	0.82963	0  	0.328948	2.27575	7  	1  	1.0785 
1  	1.40402 	0.594064	0.82963	0  	0.247247	2.98675	7  	1  	1.32218