   	         	                         fitness                          	              size             
   	         	----------------------------------------------------------	-------------------------------
gen	time     	avg     	max     	min     	std       	avg    	max	min	std    
0  	0.035758 	0.419136	0.640741	0       	0.296431  	1.66667	4  	1  	1.10554
1  	0.0561323	0.634921	0.648148	0.622222	0.00925548	2.57143	4  	1  	1.29363
2  	0.0804999	0.632407	0.648148	0.603704	0.0171484 	4.625  	6  	2  	1.31696