balance,DEEP MAX,classifier,P1,P2,#Exec,PPV_S,PPV_NS,TPR_S,TPR_NS,F1_S,F1_NS,SUP_S,SUP_NS,TN,FP,FN,TP,Acc,AUC,Deep,Training Time
0,40,knn,5,-,6,0.6046511627906976,0.9603212092583845,0.23636363636363636,0.9917073170731707,0.3398692810457516,0.9757619390448764,110,2050,2033,17,84,26,0.9532407407407407,0.6140354767184035,40,27625.982200860977
0,40,nb,5,-,6,0.357142857143,0.976570289133,0.539215686275,0.951895043732,0.4296875,0.96407480315,102,2058,1959,99,47,55,0.932407407407,0.745555365003,38,29010.10251736641
