balance,DEEP MAX,classifier,P1,P2,#Exec,PPV_S,PPV_NS,TPR_S,TPR_NS,F1_S,F1_NS,SUP_S,SUP_NS,TN,FP,FN,TP,Acc,AUC,Deep,Training Time
0,10,knn,5,-,1,0.2895140664961637,0.9570614619953933,0.2421908429610612,0.9660083694295573,0.2637465051258155,0.9615141033760413,2337,40863,39474,1389,1771,566,0.9268518518518518,0.6040996061953092,10,298131.593061924
