balance,DEEP MAX,classifier,P1,P2,#Exec,PPV_S,PPV_NS,TPR_S,TPR_NS,F1_S,F1_NS,SUP_S,SUP_NS,TN,FP,FN,TP,Acc,AUC,Deep,Training Time
0,40,nb,-1,-,1,0.588859416446,0.925406618059,0.625352112676,0.914127423823,0.606557377049,0.919732441472,355,1805,1650,155,133,222,0.866666666667,0.769739768249,28,37559.53329706192
0,40,knn,9,-,1,0.7224669603524229,0.9063631660631143,0.4753623188405797,0.9652892561983472,0.5734265734265734,0.9348986125933831,345,1815,1752,63,181,164,0.8870370370370371,0.7203257875194635,37,43763.918341875076
