DEEP MAX,classifier,K,#Exec,PPV_S,PPV_NS,TPR_S,TPR_NS,F1_S,F1_NS,SUP_S,SUP_NS,TN,FP,FN,TP,Acc,AUC,Deep,Training Time
40,knn,5,6,0.6040955631399317,0.9126941617568292,0.5205882352941177,0.9362637362637363,0.5592417061611374,0.9243287225386494,340,1820,1704,116,163,177,0.8708333333333333,0.7284259857789269,36,24187.83704352379
