DEEP MAX,K,#Exec,PPV_S,PPV_NS,TPR_S,TPR_NS,F1_S,F1_NS,SUP_S,SUP_NS,TN,FP,FN,TP,Acc,Deep,Training Time
40,7,1,0.7065868263473054,0.9174122505161735,0.4957983193277311,0.9645441389290883,0.582716049382716,0.9403880070546738,238,1382,1333,49,120,118,0.895679012345679,29,33294.993411540985
40,9,1,0.592391304347826,0.9080779944289693,0.45228215767634855,0.9456127628716461,0.5129411764705881,0.9264653641207815,241,1379,1304,75,132,109,0.8722222222222222,38,36723.49409914017
40,5,1,0.7065868263473054,0.918100481761872,0.4978902953586498,0.9645697758496024,0.5841584158415841,0.9407616361071932,237,1383,1334,49,119,118,0.8962962962962963,39,71943.8489356041
