balance,DEEP MAX,classifier,P1,P2,#Exec,PPV_S,PPV_NS,TPR_S,TPR_NS,F1_S,F1_NS,SUP_S,SUP_NS,TN,FP,FN,TP,Acc,AUC,Deep,Training Time
0,10,nb,5,-,1,0.172,0.986144578313253,0.7889908256880734,0.7981472452462214,0.2824302134646962,0.8822419832929129,109,2051,1637,414,23,86,0.7976851851851852,0.7935690354671475,10,12195.99126291275
0,10,dt,5,-,1,0.283870967742,0.965586034913,0.389380530973,0.945774303859,0.328358208955,0.955577492596,113,2047,1936,111,69,44,0.916666666667,0.667577417416,10,23945.901933431625
0,10,nb,5,-,2,0.20448877805486285,0.9852188743604321,0.7592592592592593,0.844541910331384,0.32220039292730845,0.909472579375492,108,2052,1733,319,26,82,0.8402777777777778,0.8019005847953218,10,12481.540036678314
0,10,dt,5,-,1,0.225806451613,0.964588528678,0.330188679245,0.941577409932,0.268199233716,0.952944074895,106,2054,1934,120,71,35,0.911574074074,0.635883044589,10,24375.49245905876
0,10,nb,5,-,3,0.18181818181818182,0.991304347826087,0.8771929824561403,0.7800586510263929,0.30120481927710846,0.8730853391684902,114,2046,1596,450,14,100,0.7851851851851852,0.8286258167412667,10,20517.17086338997
0,10,dt,5,-,2,0.262773722628,0.964903608502,0.336448598131,0.9508037019,0.295081967213,0.957801766438,107,2053,1952,101,71,36,0.92037037037,0.643626150015,10,26412.701850414276
0,10,dt,5,-,2,0.320987654321,0.96996996997,0.464285714286,0.9462890625,0.379562043796,0.957983193277,112,2048,1938,110,60,52,0.921296296296,0.705287388393,10,30859.250294208527
0,10,nb,5,-,4,0.16302521008403362,0.9910543130990416,0.8738738738738738,0.7569546120058566,0.2747875354107649,0.8583287216380743,111,2049,1551,498,14,97,0.762962962962963,0.8154142429398652,10,12301.306312561035
