balance,DEEP MAX,classifier,P1,P2,#Exec,PPV_S,PPV_NS,TPR_S,TPR_NS,F1_S,F1_NS,SUP_S,SUP_NS,TN,FP,FN,TP,Acc,AUC,Deep,Training Time
0,10,knn,5,-,1,0.323232323232,0.962154294032,0.290909090909,0.967317073171,0.306220095694,0.964728776453,110,2050,1983,67,78,32,0.93287037037,0.62911308204,10,26826.21768426895
