balance,DEEP MAX,classifier,P1,P2,#Exec,PPV_S,PPV_NS,TPR_S,TPR_NS,F1_S,F1_NS,SUP_S,SUP_NS,TN,FP,FN,TP,Acc,AUC,Deep,Training Time
0,10,knn,5,-,1,0.323232323232,0.962154294032,0.290909090909,0.967317073171,0.306220095694,0.964728776453,110,2050,1983,67,78,32,0.93287037037,0.62911308204,10,26826.21768426895
0,10,knn,5,-,2,0.301075268817,0.963715529753,0.271844660194,0.968400583374,0.285714285714,0.966052376334,103,2057,1992,65,75,28,0.935185185185,0.620122621784,10,23989.055998325348
0,10,nb,5,-,1,0.144409937888,0.990105540897,0.861111111111,0.731481481481,0.247340425532,0.841367713004,108,2052,1501,551,15,93,0.737962962963,0.796296296296,10,58704.676703453064
0,10,svm,5,rbf,1,0.403846153846,0.956831119545,0.1875,0.98486328125,0.256097560976,0.970644850818,112,2048,2017,31,91,21,0.943518518519,0.586181640625,10,71721.54931139946
0,10,dt,5,-,1,0.254658385093,0.969984992496,0.405940594059,0.941719281204,0.312977099237,0.955643173977,101,2059,1939,120,60,41,0.916666666667,0.673829937632,10,81899.7307946682
