DEEP MAX,K,#Exec,PPV_S,PPV_NS,TPR_S,TPR_NS,F1_S,F1_NS,SUP_S,SUP_NS,TN,FP,FN,TP,Acc,Deep,Training Time
40,9,1,0.8022598870056498,0.7732997481108312,0.7593582887700535,0.8143236074270557,0.7802197802197803,0.7932816537467701,374,377,307,70,90,284,0.7869507323568575,40,11740.14576792717
40,3,1,0.7604938271604939,0.8034682080924855,0.8191489361702128,0.7413333333333333,0.7887323943661972,0.7711511789181692,376,375,278,97,68,308,0.7802929427430093,40,21064.982933282852
