   	         	                       fitness                       	            size           
   	         	-----------------------------------------------------	---------------------------
gen	time     	avg          	max          	min          	std  	avg	max	min	std
0  	0.034332 	[ 0.49957806]	[ 0.49957806]	[ 0.49957806]	[ 0.]	1  	1  	1  	0  
1  	0.0319314	[ 0.49957806]	[ 0.49957806]	[ 0.49957806]	[ 0.]	1  	1  	1  	0  
2  	0.0329883	[ 0.49957806]	[ 0.49957806]	[ 0.49957806]	[ 0.]	1  	1  	1  	0  