   	         	                       fitness                       	            size           
   	         	-----------------------------------------------------	---------------------------
gen	time     	avg          	max          	min          	std  	avg	max	min	std
0  	0.0338876	[ 0.49957806]	[ 0.49957806]	[ 0.49957806]	[ 0.]	1  	1  	1  	0  
1  	0.0319335	[ 0.49957806]	[ 0.49957806]	[ 0.49957806]	[ 0.]	1  	1  	1  	0  
2  	0.0317323	[ 0.49957806]	[ 0.49957806]	[ 0.49957806]	[ 0.]	1  	1  	1  	0  