   	         	                       fitness                       	            size           
   	         	-----------------------------------------------------	---------------------------
gen	time     	avg          	max          	min          	std  	avg	max	min	std
0  	0.0337617	[ 0.49957806]	[ 0.49957806]	[ 0.49957806]	[ 0.]	1  	1  	1  	0  
1  	0.0327733	[ 0.49957806]	[ 0.49957806]	[ 0.49957806]	[ 0.]	1  	1  	1  	0  
2  	0.031656 	[ 0.49957806]	[ 0.49957806]	[ 0.49957806]	[ 0.]	1  	1  	1  	0  