DEEP MAX,K,#Exec,PPV_S,PPV_NS,TPR_S,TPR_NS,F1_S,F1_NS,SUP_S,SUP_NS,TN,FP,FN,TP,Acc,AUC,Deep,Training Time
10,5,1,0.588,0.900523560209,0.436201780415,0.943499725727,0.500851788756,0.921510849183,337,1823,1720,103,190,147,0.864351851852,{0: 0.6898507530711272, 1: 0.68985075307112709},9,246.27814030647278
