balance,DEEP MAX,classifier,P1,P2,#Exec,PPV_S,PPV_NS,TPR_S,TPR_NS,F1_S,F1_NS,SUP_S,SUP_NS,TN,FP,FN,TP,Acc,AUC,Deep,Training Time
0,5,knn,5,-,1,0.375,0.947955390335,0.0260869565217,0.997555012225,0.0487804878049,0.972122944961,115,2045,2040,5,112,3,0.945833333333,0.511820984373,5,15.47863221168518
0,5,knn,5,-,1,1.0,0.948587308939,0.00892857142857,1.0,0.0176991150442,0.9736154029,112,2048,2048,0,111,1,0.948611111111,0.504464285714,3,12.720187425613403
0,5,knn,5,-,1,0.5,0.950417052827,0.00925925925926,0.999512670565,0.0181818181818,0.974346793349,108,2052,2051,1,107,1,0.95,0.504385964912,1,11.47477650642395
0,5,knn,5,-,1,0.333333333333,0.949720670391,0.0357142857143,0.99609375,0.0645161290323,0.972354623451,112,2048,2040,8,108,4,0.946296296296,0.515904017857,5,14.16264820098877
0,5,knn,5,-,1,0.115384615385,0.947516401125,0.0260869565217,0.988753056235,0.0425531914894,0.967695620962,115,2045,2022,23,112,3,0.9375,0.507420006378,1,13.694793462753296
0,5,knn,5,-,1,0.333333333333,0.951253481894,0.018691588785,0.998051631758,0.0353982300885,0.974090801046,107,2053,2049,4,105,2,0.949537037037,0.508371610272,5,16.015165090560913
0,5,knn,5,-,1,0.13636363636363635,0.9485500467726847,0.02654867256637168,0.9907181240840254,0.044444444444444446,0.9691756272401433,113,2047,2028,19,110,3,0.9402777777777778,0.5086333983251985,1,11.656216382980347
