balance,DEEP MAX,classifier,P1,P2,#Exec,PPV_S,PPV_NS,TPR_S,TPR_NS,F1_S,F1_NS,SUP_S,SUP_NS,TN,FP,FN,TP,Acc,AUC,Deep,Training Time
1,10,dt,5,-,1,0.17543859649122806,0.992831541218638,0.9375,0.6626794258373205,0.2955665024630541,0.7948350071736012,64,836,554,282,4,60,0.6822222222222222,0.8000897129186602,10,2258.1648473739624
1,10,nb,5,-,1,0.19344262295081968,0.9915966386554622,0.921875,0.7057416267942583,0.31978319783197834,0.8245981830887491,64,836,590,246,5,59,0.7211111111111111,0.8138083133971292,10,2521.4445989131927
1,10,svm,5,rbf,1,0.2409090909090909,0.9838235294117647,0.828125,0.8002392344497608,0.37323943661971826,0.8825857519788918,64,836,669,167,11,53,0.8022222222222222,0.8141821172248803,10,3647.0555489063263
