DEEP MAX,K,#Exec,PPV_S,PPV_NS,TPR_S,TPR_NS,F1_S,F1_NS,SUP_S,SUP_NS,TN,FP,FN,TP,Acc,Deep,Training Time
40,3,1,0.672839506173,0.90877914952,0.45041322314,0.961538461538,0.539603960396,0.934414668547,242,1378,1325,53,133,109,0.885185185185,40,71495.20200037956
