DEEP MAX,K,#Exec,PPV_S,PPV_NS,TPR_S,TPR_NS,F1_S,F1_NS,SUP_S,SUP_NS,TN,FP,FN,TP,Acc,Deep,Training Time
40,3,1,0.734104046243,0.916378714582,0.512096774194,0.966472303207,0.603325415677,0.940759134445,248,1372,1326,46,121,127,0.896913580247,25,17069.683792352676
40,5,1,0.737588652482,0.905341446924,0.426229508197,0.973110465116,0.54025974026,0.938003502627,244,1376,1339,37,140,104,0.890740740741,40,44532.91999578476
40,7,1,0.615384615385,0.915159944367,0.478632478632,0.949494949495,0.538461538462,0.932011331445,234,1386,1316,70,122,112,0.881481481481,37,50943.2425904274
