DEEP MAX,K,#Exec,PPV_S,PPV_NS,TPR_S,TPR_NS,F1_S,F1_NS,SUP_S,SUP_NS,Acc,Deep,Training Time
35,9,1,0.753807106599,0.795518207283,0.802702702703,0.745406824147,0.777486910995,0.769647696477,370,381,0.773635153129,34,7555.607127666473
35,5,1,0.794805194805,0.825136612022,0.827027027027,0.792650918635,0.81059602649,0.808567603748,370,381,0.809587217044,35,14722.142008066177
35,9,2,0.822580645161,0.807387862797,0.807387862797,0.822580645161,0.814913448735,0.814913448735,379,372,0.814913448735,35,9150.314820051193
35,7,1,0.775773195876,0.776859504132,0.787958115183,0.764227642276,0.781818181818,0.770491803279,382,369,0.776298268975,25,17812.334033966064
35,3,1,0.788235294118,0.739659367397,0.714666666667,0.808510638298,0.74965034965,0.772554002541,375,376,0.761651131824,35,20855.454452753067
35,9,3,0.795698924731,0.796833773087,0.793565683646,0.798941798942,0.794630872483,0.797886393659,373,378,0.796271637816,29,7624.544722795486
35,7,2,0.758883248731,0.803921568627,0.810298102981,0.751308900524,0.78374836173,0.776725304465,369,382,0.780292942743,30,12199.0929749012
35,5,2,0.774869109948,0.780487804878,0.785145888594,0.770053475936,0.779973649539,0.775235531629,377,374,0.777629826897,35,17257.13595032692
35,3,2,0.760330578512,0.742268041237,0.734042553191,0.768,0.746955345061,0.754914809961,376,375,0.750998668442,35,12659.1057574749
