balance,DEEP MAX,classifier,P1,P2,#Exec,PPV_S,PPV_NS,TPR_S,TPR_NS,F1_S,F1_NS,SUP_S,SUP_NS,TN,FP,FN,TP,Acc,AUC,Deep,Training Time
0,10,nb,5,-,1,0.292134831461,0.972754793138,0.490566037736,0.938656280428,0.366197183099,0.955401387512,106,2054,1928,126,54,52,0.916666666667,0.714611159082,10,17285.46492290497
0,10,dt,5,-,6,0.28440366972477066,0.9590443686006825,0.26956521739130435,0.9618581907090464,0.27678571428571425,0.9604492187499999,115,2045,1967,78,84,31,0.925,0.6157117040501754,10,20649.91441512108
0,10,knn,5,-,1,0.5106382978723404,0.95929957406531,0.21818181818181817,0.988780487804878,0.3057324840764331,0.9738169589238529,110,2050,2027,23,86,24,0.9495370370370371,0.6034811529933481,10,23082.7090215683
