Altura Maxima,K,#Execucao,Precision_S,Precision_NS,Recall_S,Recall_NS,Fscore_S,Fscore_NS,Support_S,Support_NS,Acc (Melhor),Altura (Melhor),Tempo Execucao
20,7,1,0.8935185185185185,20,88656.68032646179
20,7,7,0.89212962963,20,107430.9950530529
20,7,16,0.8458333333333333,2,16840.56436395645
20,7,16,0.8578703703703704,2,17577.24413752556
20,7,17,0.8458333333333333,20,24912.32168650627
20,7,18,0.8532407407407407,20,52908.44369363785
10,7,16,0.8625,10,136435.8229675293
10,7,17,0.854166666667,10,104226.29936265945
10,7,18,0.855555555556,10,60963.58030080795
