balance,DEEP MAX,classifier,K,#Exec,PPV_S,PPV_NS,TPR_S,TPR_NS,F1_S,F1_NS,SUP_S,SUP_NS,TN,FP,FN,TP,Acc,AUC,Deep,Training Time
0,40,knn,5,1,0.622895622896,0.913043478261,0.533141210375,0.938223938224,0.574534161491,0.925462459195,347,1813,1701,112,162,185,0.873148148148,0.735682574299,32,39795.450570106506
0,40,knn,3,1,0.6218181818181818,0.9071618037135278,0.49421965317919075,0.9426681367144433,0.5507246376811594,0.9245742092457421,346,1814,1710,104,175,171,0.8708333333333333,0.7184438949468169,37,40353.88440775871
0,40,knn,100,6,0.7169811320754716,0.8952772073921971,0.42696629213483145,0.9667405764966741,0.5352112676056338,0.929637526652452,356,1804,1744,60,204,152,0.8777777777777778,0.6968534343157528,32,44739.044911146164
0,40,knn,5,1,0.6012269938650306,0.9187568157033806,0.5681159420289855,0.928374655647383,0.5842026825633383,0.9235406960811181,345,1815,1685,130,149,196,0.8708333333333333,0.7482452988381842,21,46978.723736763
0,40,knn,9,1,0.6707818930041153,0.909754825247783,0.4851190476190476,0.956140350877193,0.5630397236614854,0.9323710237904302,336,1824,1744,80,173,163,0.8828703703703704,0.7206296992481203,37,47393.21094250679
0,40,knn,5,1,0.6716981132075471,0.9150395778364117,0.5250737463126843,0.9522240527182867,0.5894039735099338,0.9332615715823467,339,1821,1734,87,161,178,0.8851851851851852,0.7386488995154856,29,47837.44279074669
