DEEP MAX,classifier,K,#Exec,PPV_S,PPV_NS,TPR_S,TPR_NS,F1_S,F1_NS,SUP_S,SUP_NS,TN,FP,FN,TP,Acc,AUC,Deep,Training Time
40,knn,5,1,0.595394736842,0.910560344828,0.521613832853,0.932156646442,0.556067588326,0.921231943309,347,1813,1690,123,166,181,0.866203703704,0.726885239648,40,15893.804719686508
40,knn,5,1,0.6386861313868614,0.911983032873807,0.5131964809384164,0.9455744914788345,0.5691056910569107,0.9284750337381916,341,1819,1720,99,166,175,0.8773148148148148,0.7293854862086254,25,24885.641871213913
