balance,DEEP MAX,classifier,P1,P2,#Exec,PPV_S,PPV_NS,TPR_S,TPR_NS,F1_S,F1_NS,SUP_S,SUP_NS,TN,FP,FN,TP,Acc,AUC,Deep,Training Time
0,40,nb,-1,-,1,0.596730245232,0.929168990519,0.632947976879,0.918412348401,0.614305750351,0.923759356806,346,1814,1666,148,127,219,0.872685185185,0.77568016264,28,23198.34103703499
0,40,knn,9,-,1,0.6245487364620939,0.9102496016994158,0.5058479532163743,0.9427942794279428,0.5589660743134086,0.9262361523912456,342,1818,1714,104,169,173,0.8736111111111111,0.7243211163221587,39,35550.29327750206
0,40,nb,-1,-,2,0.538847117794,0.927314026122,0.626822157434,0.898734177215,0.579514824798,0.912800447177,343,1817,1633,184,128,215,0.855555555556,0.762778167325,28,14146.159906864166
0,40,knn,7,-,1,0.7094017094017094,0.9080996884735203,0.4839650145772595,0.9625756741882223,0.5753899480069324,0.9345444830349986,343,1817,1749,68,177,166,0.8865740740740741,0.7232703443827408,19,47031.34281396866
0,40,knn,5,-,1,0.5820433436532507,0.9080021774632553,0.5266106442577031,0.9251247920133111,0.5529411764705882,0.9164835164835166,357,1803,1668,135,169,188,0.8592592592592593,0.7258677181355071,40,51535.787516117096
0,40,nb,-1,-,3,0.529976019185,0.932874354561,0.653846153846,0.892425905598,0.585430463576,0.912201963534,338,1822,1626,196,117,221,0.855092592593,0.773136029722,23,43680.152282476425
0,40,knn,5,-,2,0.6175438596491228,0.9061333333333333,0.5,0.9397123893805309,0.5525902668759811,0.9226174314417595,352,1808,1699,109,176,176,0.8680555555555556,0.7198561946902655,32,35630.562489032745
