balance,DEEP MAX,classifier,P1,P2,#Exec,PPV_S,PPV_NS,TPR_S,TPR_NS,F1_S,F1_NS,SUP_S,SUP_NS,TN,FP,FN,TP,Acc,AUC,Deep,Training Time
1,10,nb,5,-,1,0.15482412770165277,0.9747275890486219,0.7988338192419825,0.6401852297329805,0.25937758845107084,0.7728048205016516,1372,16628,10645,5983,276,1096,0.6522777777777777,0.7195095244874814,10,47489.150923252106
