balance,DEEP MAX,classifier,P1,P2,#Exec,PPV_S,PPV_NS,TPR_S,TPR_NS,F1_S,F1_NS,SUP_S,SUP_NS,TN,FP,FN,TP,Acc,AUC,Deep,Training Time
1,10,nb,5,-,1,0.15482412770165277,0.9747275890486219,0.7988338192419825,0.6401852297329805,0.25937758845107084,0.7728048205016516,1372,16628,10645,5983,276,1096,0.6522777777777777,0.7195095244874814,10,47489.150923252106
1,10,dt,5,-,1,0.14427425237053246,0.9656348138178555,0.7208454810495627,0.6472215540052922,0.2404278594870548,0.77499729953552,1372,16628,10762,5866,383,989,0.6528333333333334,0.6840335175274276,10,55860.62669277191
1,10,nb,5,-,1,0.158015158015158,0.975742709185064,0.8053935860058309,0.6458984844840029,0.26419605499103405,0.7772751944997287,1372,16628,10740,5888,267,1105,0.6580555555555555,0.725646035244917,10,57559.227847099304
1,10,nb,5,-,2,0.16634829672078955,0.9720942140296979,0.7616618075801749,0.6850493144094298,0.27305983799320616,0.8037112820150992,1372,16628,11391,5237,327,1045,0.6908888888888889,0.7233555609948024,10,10205.970153808594
