balance,DEEP MAX,classifier,P1,P2,#Exec,PPV_S,PPV_NS,TPR_S,TPR_NS,F1_S,F1_NS,SUP_S,SUP_NS,TN,FP,FN,TP,Acc,AUC,Deep,Training Time
0,10,dt,5,-,2,0.27044025157232704,0.967016491754123,0.3944954128440367,0.9434422233057045,0.32089552238805974,0.9550839091806514,109,2051,1935,116,66,43,0.9157407407407407,0.6689688180748706,10,34002.500118494034
0,10,svm,5,rbf,1,1.0,0.9481000926784059,0.017543859649122806,1.0,0.034482758620689655,0.9733587059942911,114,2046,2046,0,112,2,0.9481481481481482,0.5087719298245614,10,62431.94925689697
0,10,nb,5,-,1,0.220883534137,0.986175115207,0.859375,0.767942583732,0.351437699681,0.863483523874,64,836,642,194,9,55,0.774444444444,0.813658791866,10,11569.54391002655
0,10,knn,5,-,10,0.5789473684210527,0.9590009425070688,0.2018348623853211,0.9921989273525109,0.29931972789115646,0.9753175173735921,109,2051,2035,16,87,22,0.9523148148148148,0.5970168948689161,10,19058.9101626873
0,10,dt,5,-,8,0.3068181818181818,0.9712701612903226,0.4864864864864865,0.9404587603709127,0.37630662020905925,0.955616166625341,111,2049,1927,122,57,54,0.9171296296296296,0.7134726234286995,10,34655.09465885162
0,10,mlp,15,relu,1,0.25,0.967369477912,0.392523364486,0.93862640039,0.305454545455,0.952781211372,107,2053,1927,126,65,42,0.911574074074,0.665574882438,10,66973.90097880363
0,10,knn,5,-,4,0.4897959183673469,0.9597347228801516,0.22018348623853212,0.9878108239882983,0.3037974683544304,0.9735703988467083,109,2051,2026,25,85,24,0.9490740740740741,0.6039971551134152,10,17797.990549087524
0,10,nb,5,-,6,0.245689655172,0.989520958084,0.890625,0.790669856459,0.385135135135,0.878989361702,64,836,661,175,7,57,0.797777777778,0.84064742823,10,15044.077292203903
0,10,nb,5,-,2,0.243362831858,0.986646884273,0.859375,0.795454545455,0.379310344828,0.880794701987,64,836,665,171,9,55,0.8,0.827414772727,10,10271.85489153862
