   	         	                                                                                  fitness                                                                                   	              size              
   	         	----------------------------------------------------------------------------------------------------------------------------------------------------------------------------	--------------------------------
gen	time     	avg                                  	max                                  	min                                  	std                                                 	avg    	max	min	std     
0  	0.0865228	[ 0.54619565  0.53034301  0.54061252]	[ 0.54619565  0.53034301  0.54061252]	[ 0.54619565  0.53034301  0.54061252]	[ 0.  0.  0.]                                       	2      	2  	2  	0       
1  	0.15166  	[ 0.54619565  0.53034301  0.54061252]	[ 0.54619565  0.53034301  0.54061252]	[ 0.54619565  0.53034301  0.54061252]	[ 0.  0.  0.]                                       	2      	3  	1  	0.632456
2  	0.127688 	[ 0.54619565  0.53034301  0.54061252]	[ 0.54619565  0.53034301  0.54061252]	[ 0.54619565  0.53034301  0.54061252]	[  0.00000000e+00   1.11022302e-16   0.00000000e+00]	1.66667	2  	1  	0.471405