DEEP MAX,K,#Exec,PPV_S,PPV_NS,TPR_S,TPR_NS,F1_S,F1_NS,SUP_S,SUP_NS,TN,FP,FN,TP,Acc,Deep,Training Time
40,3,1,0.0,0.9388888888888889,0.0,1.0,0.0,0.9684813753581661,132,2028,2028,0,132,0,0.9388888888888889,1,4933.120109081268
40,5,1,1.0,0.9411219286045434,0.023076923076923078,1.0,0.04511278195488722,0.969668020062097,130,2030,2030,0,127,3,0.9412037037037037,40,6992.969036102295
40,5,2,1.0,0.9439555349698935,0.00819672131147541,1.0,0.016260162601626018,0.9711698832499404,122,2038,2038,0,121,1,0.9439814814814815,1,3826.9538621902466
40,7,1,1.0,0.9439295644114921,0.016260162601626018,1.0,0.032,0.9711561382598332,123,2037,2037,0,121,2,0.9439814814814815,33,11838.412701845169
40,3,2,0.0,0.9467592592592593,0.0,1.0,0.0,0.9726516052318669,115,2045,2045,0,115,0,0.9467592592592593,22,10715.248344182968
40,5,3,1.0,0.9471977767484947,0.008695652173913044,1.0,0.017241379310344827,0.972882968601332,115,2045,2045,0,114,1,0.9472222222222222,24,7476.809948205948
40,3,3,0.0,0.9412037037037037,0.0,1.0,0.0,0.969711423801574,127,2033,2033,0,127,0,0.9412037037037037,1,4953.99135684967
40,9,1,1.0,0.9452181987000928,0.04838709677419355,1.0,0.09230769230769231,0.9718377088305489,124,2036,2036,0,118,6,0.9453703703703704,38,26475.778260469437
