DEEP MAX,K,#Exec,PPV_S,PPV_NS,TPR_S,TPR_NS,F1_S,F1_NS,SUP_S,SUP_NS,TN,FP,FN,TP,Acc,Deep,Training Time
40,3,1,0.0,0.9402777777777778,0.0,1.0,0.0,0.9692197566213314,129,2031,2031,0,129,0,0.9402777777777778,1,4949.803254842758
40,3,2,0.0,0.9407407407407408,0.0,1.0,0.0,0.9694656488549619,128,2032,2032,0,128,0,0.9407407407407408,34,15182.730903863907
40,3,3,0.0,0.9421296296296297,0.0,1.0,0.0,0.970202622169249,125,2035,2035,0,125,0,0.9421296296296297,1,4923.711133956909
