balance,DEEP MAX,classifier,P1,P2,#Exec,PPV_S,PPV_NS,TPR_S,TPR_NS,F1_S,F1_NS,SUP_S,SUP_NS,TN,FP,FN,TP,Acc,AUC,Deep,Training Time
1,10,nb,5,-,1,0.22433460076,0.992150706436,0.921875,0.755980861244,0.360856269113,0.85811269518,64,836,632,204,5,59,0.767777777778,0.838927930622,10,3608.2687895298004
1,10,dt,5,-,1,0.172413793103,0.992753623188,0.9375,0.655502392344,0.291262135922,0.789625360231,64,836,548,288,4,60,0.675555555556,0.796501196172,10,4846.833761930466
1,10,nb,5,-,2,0.225409836066,0.986280487805,0.859375,0.773923444976,0.357142857143,0.867292225201,64,836,647,189,9,55,0.78,0.816649222488,10,3029.6350722312927
1,10,nb,5,-,3,0.216417910448,0.990506329114,0.90625,0.748803827751,0.349397590361,0.852861035422,64,836,626,210,6,58,0.76,0.827526913876,10,1742.7352459430695
