balance,DEEP MAX,classifier,P1,P2,#Exec,PPV_S,PPV_NS,TPR_S,TPR_NS,F1_S,F1_NS,SUP_S,SUP_NS,TN,FP,FN,TP,Acc,AUC,Deep,Training Time
1,10,nb,5,-,1,0.22433460076,0.992150706436,0.921875,0.755980861244,0.360856269113,0.85811269518,64,836,632,204,5,59,0.767777777778,0.838927930622,10,3608.2687895298004
