balance,DEEP MAX,classifier,P1,P2,#Exec,PPV_S,PPV_NS,TPR_S,TPR_NS,F1_S,F1_NS,SUP_S,SUP_NS,TN,FP,FN,TP,Acc,AUC,Deep,Training Time
0,10,kmeans,2,-,6,0.007069408740359897,0.8377483443708609,0.10091743119266056,0.24670892247684056,0.013213213213213212,0.38116760828625235,109,2051,506,1545,98,11,0.23935185185185184,0.1738131768347506,10,20501.748222351074
0,10,kmeans,2,-,1,0.1448382126348228,0.9900727994705493,0.8623853211009175,0.7294002925402243,0.24802110817941952,0.8399775407074679,109,2051,1496,555,15,94,0.7361111111111112,0.795892806820571,10,22389.65833711624
