DEEP MAX,K,#Exec,PPV_S,PPV_NS,TPR_S,TPR_NS,F1_S,F1_NS,SUP_S,SUP_NS,TN,FP,FN,TP,Acc,Deep,Training Time
40,9,1,0.5409836065573771,0.957122439256789,0.2682926829268293,0.9862542955326461,0.358695652173913,0.9714700193423599,123,2037,2009,28,90,33,0.9453703703703704,33,42445.59952330589
40,5,1,0.5194805194805194,0.9630340854536726,0.3418803418803419,0.9818893783651493,0.4123711340206186,0.9723703344643724,117,2043,2006,37,77,40,0.9472222222222222,36,56646.698632240295
40,3,1,0.38461538461538464,0.9610894941634242,0.3333333333333333,0.9686274509803922,0.3571428571428571,0.96484375,120,2040,1976,64,80,40,0.9333333333333333,38,73754.10018658638
