   	         	                                                                                  fitness                                                                                   	              size              
   	         	----------------------------------------------------------------------------------------------------------------------------------------------------------------------------	--------------------------------
gen	time     	avg                                  	max                                  	min                                  	std                                                 	avg 	max	min	std     
0  	0.0562744	[ 0.50660757  0.49957983  0.50443038]	[ 0.50684932  0.50588235  0.50464135]	[ 0.50588235  0.49747899  0.50379747]	[ 0.00041871  0.00363876  0.00036541]               	1.25	2  	1  	0.433013
1  	0.0635281	[ 0.50684932  0.49747899  0.50464135]	[ 0.50684932  0.49747899  0.50464135]	[ 0.50684932  0.49747899  0.50464135]	[ 0.  0.  0.]                                       	1   	1  	1  	0       
2  	0.0785859	[ 0.50684932  0.49747899  0.50464135]	[ 0.50684932  0.49747899  0.50464135]	[ 0.50684932  0.49747899  0.50464135]	[  1.11022302e-16   0.00000000e+00   0.00000000e+00]	1   	1  	1  	0       