   	         	                                                                           fitness                                                                           	              size              
   	         	-------------------------------------------------------------------------------------------------------------------------------------------------------------	--------------------------------
gen	time     	avg                                  	max                                  	min                                  	std                                  	avg    	max	min	std     
0  	0.0821857	[ 0.51337866  0.49022109  0.5164557 ]	[ 0.51607143  0.4914966   0.51898734]	[ 0.50530035  0.48639456  0.50886076]	[ 0.00466401  0.00220925  0.00438494]	2      	3  	1  	0.707107
1  	0.109439 	[ 0.51607143  0.4914966   0.51898734]	[ 0.51607143  0.4914966   0.51898734]	[ 0.51607143  0.4914966   0.51898734]	[ 0.  0.  0.]                        	2.4    	3  	2  	0.489898
2  	0.124127 	[ 0.51607143  0.4914966   0.51898734]	[ 0.51607143  0.4914966   0.51898734]	[ 0.51607143  0.4914966   0.51898734]	[ 0.  0.  0.]                        	2.33333	3  	1  	0.745356