   	         	                                                                           fitness                                                                           	              size              
   	         	-------------------------------------------------------------------------------------------------------------------------------------------------------------	--------------------------------
gen	time     	avg                                  	max                                  	min                                  	std                                  	avg    	max	min	std     
0  	0.0732765	[ 0.50869245  0.51066553  0.51413502]	[ 0.51596639  0.52389078  0.52151899]	[ 0.5         0.50170648  0.50548523]	[ 0.00568935  0.00812822  0.00570401]	1.75   	2  	1  	0.433013
1  	0.0710659	[ 0.51062823  0.51774744  0.51611814]	[ 0.51596639  0.52389078  0.52151899]	[ 0.49584027  0.50853242  0.50126582]	[ 0.0078189   0.00752403  0.00787302]	1.2    	2  	1  	0.4     
2  	0.0879059	[ 0.51487227  0.52133106  0.52039381]	[ 0.51596639  0.52389078  0.52151899]	[ 0.50940171  0.50853242  0.51476793]	[ 0.00244651  0.00572372  0.00251597]	1.16667	2  	1  	0.372678