balance,DEEP MAX,classifier,P1,P2,#Exec,PPV_S,PPV_NS,TPR_S,TPR_NS,F1_S,F1_NS,SUP_S,SUP_NS,TN,FP,FN,TP,Acc,AUC,Deep,Training Time
0,10,dt,5,-,1,0.27906976744186046,0.9625800098473658,0.32142857142857145,0.95458984375,0.2987551867219917,0.9585682765383673,112,2048,1955,93,76,36,0.9217592592592593,0.6380092075892857,10,10680.182986974716
0,10,knn,5,-,1,0.39655172413793105,0.9581351094196003,0.2072072072072072,0.9829184968277208,0.27218934911242604,0.9703685858829197,111,2049,2014,35,88,23,0.9430555555555555,0.5950628520174641,10,12793.547145843506
0,10,nb,5,-,1,0.1863468634686347,0.9913473423980222,0.8782608695652174,0.7843520782396088,0.30745814307458147,0.8757848757848757,115,2045,1604,441,14,101,0.7893518518518519,0.8313064739024132,10,14360.592034101486
0,10,dt,5,-,2,0.2765957446808511,0.9683011391778108,0.3786407766990291,0.9504132231404959,0.319672131147541,0.9592737978410206,103,2057,1955,102,64,39,0.9231481481481482,0.6645269999197625,10,13203.908981084824
0,10,knn,5,-,2,0.41304347826086957,0.956953642384106,0.17272727272727273,0.9868292682926829,0.2435897435897436,0.9716618635926995,110,2050,2023,27,91,19,0.9453703703703704,0.5797782705099779,10,12200.498276472092
0,10,nb,5,-,2,0.16974169741697417,0.9876390605686032,0.8214285714285714,0.7802734375,0.28134556574923547,0.8717948717948718,112,2048,1598,450,20,92,0.7824074074074074,0.8008510044642856,10,10936.975510835648
