DEEP MAX,K,#Exec,PPV_S,PPV_NS,TPR_S,TPR_NS,F1_S,F1_NS,SUP_S,SUP_NS,TN,FP,FN,TP,Acc,Deep,Training Time
40,9,1,0.493055555556,0.0,1.0,0.0,0.660465116279,0.0,142,146,0,146,0,142,0.493055555556,1,1512.6176931858063
40,7,1,0.422330097087,0.329268292683,0.612676056338,0.184931506849,0.5,0.236842105263,142,146,27,119,55,87,0.395833333333,40,5361.9774923324585
40,9,2,0.5,0.421052631579,0.850340136054,0.113475177305,0.629722921914,0.178770949721,147,141,16,125,22,125,0.489583333333,40,7112.8166308403015
