balance,DEEP MAX,classifier,P1,P2,#Exec,PPV_S,PPV_NS,TPR_S,TPR_NS,F1_S,F1_NS,SUP_S,SUP_NS,TN,FP,FN,TP,Acc,AUC,Deep,Training Time
1,10,nb,5,-,1,0.0883720930233,0.995283018868,0.95,0.518427518428,0.16170212766,0.681744749596,40,814,422,392,2,38,0.538641686183,0.734213759214,10,1067.3252186775208
1,10,nb,5,-,2,0.0949227373068,0.994974874372,0.955555555556,0.491315136476,0.172690763052,0.65780730897,45,806,396,410,2,43,0.515863689777,0.723435346016,10,1531.7713248729706
1,10,dt,5,-,1,0.0950920245399,0.980952380952,0.756097560976,0.635802469136,0.1689373297,0.771535580524,41,810,515,295,10,31,0.641598119859,0.695950015056,10,2459.9720375537872
1,10,nb,5,-,3,0.0849514563107,0.990909090909,0.897435897436,0.536285362854,0.155210643016,0.695929768555,39,813,436,377,4,35,0.552816901408,0.716860630145,10,1444.1335983276367
1,10,dt,5,-,2,0.0666666666667,0.983293556086,0.805555555556,0.503667481663,0.123142250531,0.666127728375,36,818,412,406,7,29,0.516393442623,0.654611518609,10,2022.5715363025665
1,10,nb,5,-,4,0.101983002833,0.987927565392,0.857142857143,0.607673267327,0.182278481013,0.752490421456,42,808,491,317,6,36,0.62,0.732408062235,10,2032.9504084587097
