balance,DEEP MAX,classifier,P1,P2,#Exec,PPV_S,PPV_NS,TPR_S,TPR_NS,F1_S,F1_NS,SUP_S,SUP_NS,TN,FP,FN,TP,Acc,AUC,Deep,Training Time
1,10,nb,5,-,1,0.0883720930233,0.995283018868,0.95,0.518427518428,0.16170212766,0.681744749596,40,814,422,392,2,38,0.538641686183,0.734213759214,10,1067.3252186775208
