DEEP MAX,K,#Exec,PPV_S,PPV_NS,TPR_S,TPR_NS,F1_S,F1_NS,SUP_S,SUP_NS,Acc,Deep,Training Time
35,9,1,0.7445255474452555,0.8117647058823529,0.827027027027027,0.7244094488188977,0.7836107554417413,0.7656033287101248,370,381,0.7749667110519307,32,17536.09511399269
35,3,1,0.7571801566579635,0.7608695652173914,0.7671957671957672,0.7506702412868632,0.7621550591327202,0.7557354925775979,378,373,0.758988015978695,35,19471.33069562912
35,5,1,0.7913279132791328,0.7931937172774869,0.7870619946091644,0.7973684210526316,0.7891891891891891,0.7952755905511811,371,380,0.7922769640479361,35,24936.914895296097
35,7,1,0.7894736842105263,0.7615384615384615,0.753968253968254,0.7962466487935657,0.7713125845737483,0.7785058977719528,378,373,0.7749667110519307,35,29192.463407754898
