   	         	                           fitness                           	              size              
   	         	-------------------------------------------------------------	--------------------------------
gen	time     	avg          	max          	min          	std          	avg	max	min	std     
0  	0.0460455	[ 0.55414439]	[ 0.56951872]	[ 0.50802139]	[ 0.02662912]	2  	3  	1  	0.707107
1  	0.0591919	[ 0.55721925]	[ 0.56951872]	[ 0.50802139]	[ 0.02459893]	2  	3  	1  	0.632456
2  	0.0832839	[ 0.56951872]	[ 0.56951872]	[ 0.56951872]	[ 0.]        	2  	3  	1  	0.57735 