balance,DEEP MAX,classifier,P1,P2,#Exec,PPV_S,PPV_NS,TPR_S,TPR_NS,F1_S,F1_NS,SUP_S,SUP_NS,TN,FP,FN,TP,Acc,AUC,Deep,Training Time
1,10,nb,5,-,1,0.243243243243,0.995157384988,0.818181818182,0.936218678815,0.375,0.964788732394,22,878,822,56,4,18,0.933333333333,0.877200248499,10,2823.6319830417633
1,10,nb,5,-,2,0.109375,0.998587570621,0.954545454545,0.805239179954,0.196261682243,0.891551071879,22,878,707,171,1,21,0.808888888889,0.87989231725,10,2147.706573486328
1,10,dt,5,-,1,0.0794223826715,1.0,1.0,0.709567198178,0.147157190635,0.830113257828,22,878,623,255,0,22,0.716666666667,0.854783599089,10,5220.235040903091
