balance,DEEP MAX,classifier,P1,P2,#Exec,PPV_S,PPV_NS,TPR_S,TPR_NS,F1_S,F1_NS,SUP_S,SUP_NS,TN,FP,FN,TP,Acc,AUC,Deep,Training Time
0,10,knn,5,-,1,0.39080459770114945,0.9643029425952726,0.3148148148148148,0.9741715399610137,0.34871794871794876,0.9692121212121213,108,2052,1999,53,74,34,0.9412037037037037,0.6444931773879143,10,11624.118882894516
0,10,svm,5,rbf,9,0.5,0.956338028169014,0.1388888888888889,0.9926900584795322,0.2173913043478261,0.9741750358680057,108,2052,2037,15,93,15,0.95,0.5657894736842105,10,13862.714609861374
0,10,svm,5,rbf,1,0.36,0.9559241706161138,0.16216216216216217,0.984382625671059,0.2236024844720497,0.9699446982447705,111,2049,2017,32,93,18,0.9421296296296297,0.5732723939166107,10,19939.53914499283
0,10,svm,5,rbf,6,0.3114754098360656,0.9590281086231539,0.18095238095238095,0.9795620437956204,0.2289156626506024,0.9691863264323544,105,2055,2013,42,86,19,0.9407407407407408,0.5802572123740006,10,19916.37137556076
0,10,nb,5,-,1,0.16243654822335024,0.9917144678138942,0.8807339449541285,0.7586543149683082,0.27428571428571424,0.8596685082872928,109,2051,1556,495,13,96,0.7648148148148148,0.8196941299612184,10,20271.06934595108
0,10,knn,5,-,2,0.4084507042253521,0.9621828626136908,0.26851851851851855,0.97953216374269,0.32402234636871513,0.9707800048297511,108,2052,2010,42,79,29,0.9439814814814815,0.6240253411306044,10,9083.11796116829
0,10,svm,5,rbf,4,0.38596491228070173,0.9610080836899667,0.21153846153846154,0.982976653696498,0.27329192546583847,0.971868237557105,104,2056,2021,35,82,22,0.9458333333333333,0.5972575576174798,10,20869.766794919968
