   	        	                    fitness                     	              size             
   	        	------------------------------------------------	-------------------------------
gen	time    	avg     	max     	min	std     	avg    	max	min	std    
0  	0.316641	0.769571	0.850926	0  	0.243367	1.90909	4  	1  	1.1642 
1  	0.340971	0.706481	0.851389	0  	0.315952	2.08333	4  	1  	1.11492
2  	0.512252	0.781339	0.851389	0  	0.225615	3.07692	6  	1  	1.89986