Altura Maxima,K,#Execucao,Acc (Melhor),Altura (Melhor),Tempo Execucao
20,13,1,0.9,20,10692.646394252777
20,13,7,0.9,20,18930.80796122551
20,13,8,0.896296296296,19,6973.596497297287
20,13,2,0.896296296296,20,33166.43062210083
20,13,3,0.888888888889,20,15307.467890501022
20,13,9,0.914814814815,20,49305.04828095436
20,13,4,0.911111111111,20,18828.94628739357
