Altura Maxima,K,#Execucao,Acc (Melhor),Altura (Melhor),Tempo Execucao
20,9,1,0.885185185185,20,12225.736424922943
20,9,7,0.925925925926,20,15958.634664535522
20,9,2,0.914814814815,20,17697.981899499893
