Altura Maxima,K,#Execucao,Acc (Melhor),Altura (Melhor),Tempo Execucao
20,11,1,0.9037037037037037,20,13883.523880243301
20,11,2,0.8962962962962963,20,9068.111692667007
20,11,3,0.9111111111111111,20,5468.073999166489
