Altura Maxima,K,#Execucao,Acc (Melhor),Altura (Melhor),Tempo Execucao
20,13,1,0.9,20,10692.646394252777
20,13,7,0.9,20,18930.80796122551
20,13,8,0.896296296296,19,6973.596497297287
