DEEP MAX,K,#Exec,PPV_S,PPV_NS,TPR_S,TPR_NS,F1_S,F1_NS,SUP_S,SUP_NS,TN,FP,FN,TP,Acc,Deep,Training Time
40,3,1,0.0,0.8524691358024692,0.0,1.0,0.0,0.9203598800399867,239,1381,1381,0,239,0,0.8524691358024692,1,3381.165851831436
40,5,1,1.0,0.8622194513715711,0.06751054852320675,1.0,0.12648221343873517,0.9260127217944426,237,1383,1383,0,221,16,0.8635802469135803,39,11486.465248584747
40,9,1,1.0,0.8634663341645885,0.06808510638297872,1.0,0.12749003984063745,0.9267313482770158,235,1385,1385,0,219,16,0.8648148148148148,39,14792.315912723541
40,7,1,1.0,0.8577639751552795,0.04184100418410042,1.0,0.08032128514056225,0.9234369775994651,239,1381,1381,0,229,10,0.858641975308642,34,27067.911811351776
40,9,2,1.0,0.8642590286425903,0.0603448275862069,1.0,0.11382113821138212,0.9271877087508351,232,1388,1388,0,218,14,0.8654320987654321,30,13424.117477178574
