Altura Maxima,K,#Execucao,Precision_S,Precision_NS,Recall_S,Recall_NS,Fscore_S,Fscore_NS,Support_S,Support_NS,Acc (Melhor),Altura (Melhor),Tempo Execucao
20,7,1,0.8935185185185185,20,88656.68032646179
20,7,7,0.89212962963,20,107430.9950530529
20,7,16,0.8680555555555556,20,72156.53102850914
10,7,16,0.875,0.18529411764705883,10,48588.93380856514
10,7,16,0.967741935483871,0.08547008547008547,10,63645.70341587067
