DEEP MAX,K,#Exec,PPV_S,PPV_NS,TPR_S,TPR_NS,F1_S,F1_NS,SUP_S,SUP_NS,TN,FP,FN,TP,Acc,Deep,Training Time
40,9,1,0.5976331360946746,0.9055823569951758,0.42436974789915966,0.9507959479015919,0.4963144963144963,0.9276385457112603,238,1382,1314,68,137,101,0.8734567901234568,32,15818.24990606308
