DEEP MAX,K,#Exec,PPV_S,PPV_NS,TPR_S,TPR_NS,F1_S,F1_NS,SUP_S,SUP_NS,TN,FP,FN,TP,Acc,Deep,Training Time
40,9,1,0.5976331360946746,0.9055823569951758,0.42436974789915966,0.9507959479015919,0.4963144963144963,0.9276385457112603,238,1382,1314,68,137,101,0.8734567901234568,32,15818.24990606308
40,7,1,0.6835443037974683,0.9124487004103967,0.4576271186440678,0.9638728323699421,0.5482233502538071,0.9374560787069571,236,1384,1334,50,128,108,0.8901234567901235,29,31631.29749059677
40,5,1,0.6339869281045751,0.8991138377641446,0.39591836734693875,0.9592727272727273,0.4874371859296483,0.9282195636875441,245,1375,1319,56,148,97,0.8740740740740741,39,40787.020208358765
40,9,2,0.6647398843930635,0.9156876295784382,0.48523206751054854,0.958062183658713,0.5609756097560976,0.9363957597173146,237,1383,1325,58,122,115,0.8888888888888888,33,28762.874037504196
40,3,1,0.717948717948718,0.9187158469945356,0.48484848484848486,0.9683225341972642,0.5788113695090439,0.9428671573781984,231,1389,1345,44,119,112,0.8993827160493827,39,49832.36168932915
40,7,2,0.6257309941520468,0.911663216011042,0.4553191489361702,0.9537906137184116,0.5270935960591133,0.9322512350035286,235,1385,1321,64,128,107,0.8814814814814815,34,20358.00935292244
