   	         	                                                        fitness                                                         	              size              
   	         	------------------------------------------------------------------------------------------------------------------------	--------------------------------
gen	time     	avg                      	max                	min                	std                                     	avg 	max	min	std     
0  	0.0572736	[ 184.  184.  191.]      	[ 192.  192.  201.]	[ 176.  174.  183.]	[ 6.04152299  6.4807407   6.4807407 ]   	2.25	3  	1  	0.829156
1  	0.0553832	[ 193.    182.25  192.75]	[ 201.  187.  201.]	[ 187.  174.  188.]	[ 5.04975247  4.91807889  4.91807889]   	2.5 	3  	1  	0.866025
2  	0.0555999	[ 190.75  181.5   193.5 ]	[ 192.  184.  201.]	[ 187.  174.  191.]	[ 2.16506351  4.33012702  4.33012702]   	2.5 	3  	1  	0.866025
3  	0.0550854	[ 185.25  186.5   188.5 ]	[ 192.  194.  191.]	[ 165.  184.  181.]	[ 11.69134295   4.33012702   4.33012702]	2.5 	3  	1  	0.866025
4  	0.0561173	[ 192.  184.  191.]      	[ 192.  184.  191.]	[ 192.  184.  191.]	[ 0.  0.  0.]                           	3   	3  	3  	0       