DEEP MAX,K,#Exec,PPV_S,PPV_NS,TPR_S,TPR_NS,F1_S,F1_NS,SUP_S,SUP_NS,TN,FP,FN,TP,Acc,Deep,Training Time
40,9,1,0.82,0.8333333333333334,0.8424657534246576,0.8098591549295775,0.8310810810810811,0.8214285714285714,146,142,115,27,23,123,0.8263888888888888,39,4482.6598155498505
40,5,1,0.8064516129032258,0.8345864661654135,0.8503401360544217,0.7872340425531915,0.8278145695364237,0.8102189781021898,147,141,111,30,22,125,0.8194444444444444,39,4520.356148481369
40,3,1,0.7692307692307693,0.8636363636363636,0.8695652173913043,0.76,0.8163265306122449,0.8085106382978724,138,150,114,36,18,120,0.8125,31,7189.511974096298
