   	        	                                                                                  fitness                                                                                   	              size              
   	        	----------------------------------------------------------------------------------------------------------------------------------------------------------------------------	--------------------------------
gen	time    	avg                                  	max                                  	min                                  	std                                                 	avg    	max	min	std     
0  	0.145256	[ 0.19294737  0.11285714  0.77986111]	[ 0.21596244  0.13142857  0.78287037]	[ 0.16748768  0.09714286  0.77546296]	[ 0.01404718  0.01040016  0.00234167]               	1.16667	2  	1  	0.372678
1  	0.19085 	[ 0.2014287   0.12244898  0.77916667]	[ 0.21596244  0.13142857  0.78194444]	[ 0.16509434  0.1         0.77222222]	[ 0.02297987  0.01419798  0.00439205]               	1.42857	2  	1  	0.494872
2  	0.233958	[ 0.21596244  0.13142857  0.78194444]	[ 0.21596244  0.13142857  0.78194444]	[ 0.21596244  0.13142857  0.78194444]	[  0.00000000e+00   0.00000000e+00   1.11022302e-16]	1.625  	2  	1  	0.484123
3  	0.241241	[ 0.21596244  0.13142857  0.78194444]	[ 0.21596244  0.13142857  0.78194444]	[ 0.21596244  0.13142857  0.78194444]	[  0.00000000e+00   0.00000000e+00   1.11022302e-16]	1.33333	2  	1  	0.471405
4  	0.249011	[ 0.21596244  0.13142857  0.78194444]	[ 0.21596244  0.13142857  0.78194444]	[ 0.21596244  0.13142857  0.78194444]	[  0.00000000e+00   0.00000000e+00   1.11022302e-16]	1.4    	2  	1  	0.489898