   	        	                                                                           fitness                                                                           	              size              
   	        	-------------------------------------------------------------------------------------------------------------------------------------------------------------	--------------------------------
gen	time    	avg                                  	max                                  	min                                  	std                                  	avg    	max	min	std     
0  	0.387012	[ 0.23046387  0.18230277  0.78468915]	[ 0.29503106  0.28358209  0.79444444]	[ 0.17757009  0.10149254  0.76944444]	[ 0.05170332  0.08258979  0.00694547]	2.28571	3  	1  	0.589015
1  	0.426199	[ 0.27775242  0.25751244  0.7837963 ]	[ 0.30718954  0.29850746  0.79027778]	[ 0.17032967  0.09253731  0.775     ]	[ 0.04087818  0.06222017  0.00492572]	2.33333	3  	2  	0.471405
2  	0.444513	[ 0.28890151  0.26772388  0.78596644]	[ 0.30718954  0.30149254  0.79722222]	[ 0.17486339  0.09552239  0.77962963]	[ 0.03394737  0.05269226  0.00499892]	2.125  	3  	1  	0.484123