   	        	                                                                           fitness                                                                           	              size              
   	        	-------------------------------------------------------------------------------------------------------------------------------------------------------------	--------------------------------
gen	time    	avg                                  	max                                  	min                                  	std                                  	avg    	max	min	std     
0  	0.412333	[ 0.22835729  0.1762605   0.78075397]	[ 0.28064516  0.25588235  0.78935185]	[ 0.16744186  0.10588235  0.76805556]	[ 0.04461437  0.06787015  0.00560143]	2.5    	3  	2  	0.5     
1  	0.418172	[ 0.2666501   0.23        0.78290123]	[ 0.32110092  0.30882353  0.79537037]	[ 0.16831683  0.09411765  0.77546296]	[ 0.04827256  0.06767007  0.00469237]	2.26667	3  	2  	0.442217
2  	0.451279	[ 0.27453514  0.23786765  0.78556134]	[ 0.32110092  0.30882353  0.79537037]	[ 0.14973262  0.08235294  0.77962963]	[ 0.05605105  0.07573083  0.00446531]	2.25   	3  	1  	0.559017