   	        	                                                                                  fitness                                                                                   	              size              
   	        	----------------------------------------------------------------------------------------------------------------------------------------------------------------------------	--------------------------------
gen	time    	avg                                  	max                                  	min                                  	std                                                 	avg    	max	min	std     
0  	0.1856  	[ 0.18260064  0.10707364  0.78132716]	[ 0.21674877  0.12790698  0.7875    ]	[ 0.16972477  0.09593023  0.77407407]	[ 0.01652165  0.01012817  0.00537693]               	1.33333	2  	1  	0.471405
1  	0.266355	[ 0.20280381  0.11669435  0.78650794]	[ 0.21674877  0.12790698  0.7875    ]	[ 0.18421053  0.10174419  0.78518519]	[ 0.01610225  0.01294722  0.00114554]               	1.71429	2  	1  	0.451754
2  	0.312863	[ 0.21674877  0.12790698  0.7875    ]	[ 0.21674877  0.12790698  0.7875    ]	[ 0.21674877  0.12790698  0.7875    ]	[  2.77555756e-17   0.00000000e+00   1.11022302e-16]	1.875  	2  	1  	0.330719
3  	0.347791	[ 0.21674877  0.12790698  0.7875    ]	[ 0.21674877  0.12790698  0.7875    ]	[ 0.21674877  0.12790698  0.7875    ]	[  2.77555756e-17   0.00000000e+00   1.11022302e-16]	1.77778	3  	1  	0.628539
4  	0.359189	[ 0.21674877  0.12790698  0.7875    ]	[ 0.21674877  0.12790698  0.7875    ]	[ 0.21674877  0.12790698  0.7875    ]	[  0.00000000e+00   0.00000000e+00   1.11022302e-16]	1.6    	3  	1  	0.8     