   	        	                                                                           fitness                                                                           	              size              
   	        	-------------------------------------------------------------------------------------------------------------------------------------------------------------	--------------------------------
gen	time    	avg                                  	max                                  	min                                  	std                                  	avg    	max	min	std     
0  	0.387508	[ 0.22885592  0.18164476  0.78244048]	[ 0.28881988  0.27596439  0.79537037]	[ 0.13157895  0.07418398  0.76898148]	[ 0.05223745  0.07943421  0.00663662]	2.42857	3  	1  	0.6227  
1  	0.424387	[ 0.27489305  0.24114738  0.78564815]	[ 0.32467532  0.29970326  0.80092593]	[ 0.17877095  0.09495549  0.77685185]	[ 0.04588697  0.06858359  0.00635458]	2.26667	3  	2  	0.442217
2  	0.454989	[ 0.28809573  0.25853116  0.7875    ]	[ 0.33436533  0.32047478  0.79444444]	[ 0.14009662  0.08605341  0.775     ]	[ 0.05097355  0.06613513  0.00577777]	2.1875 	3  	1  	0.526634