DEEP MAX,K,#Exec,PPV_S,PPV_NS,TPR_S,TPR_NS,F1_S,F1_NS,SUP_S,SUP_NS,TN,FP,FN,TP,Acc,Deep,Training Time
40,7,1,0.762331838565,0.905109489051,0.928961748634,0.700564971751,0.837438423645,0.789808917197,183,177,124,53,13,170,0.816666666667,36,5126.718229055405
40,3,1,0.832432432432,0.857142857143,0.860335195531,0.828729281768,0.846153846154,0.842696629213,179,181,150,31,25,154,0.844444444444,40,12627.350673675537
40,7,2,0.789215686275,0.865384615385,0.884615384615,0.758426966292,0.834196891192,0.808383233533,182,178,135,43,21,161,0.822222222222,38,7846.399280786514
