DEEP MAX,K,#Exec,PPV_S,PPV_NS,TPR_S,TPR_NS,F1_S,F1_NS,SUP_S,SUP_NS,TN,FP,FN,TP,Acc,Deep,Training Time
40,7,1,0.762331838565,0.905109489051,0.928961748634,0.700564971751,0.837438423645,0.789808917197,183,177,124,53,13,170,0.816666666667,36,5126.718229055405
