DEEP MAX,K,#Exec,PPV_S,PPV_NS,TPR_S,TPR_NS,F1_S,F1_NS,SUP_S,SUP_NS,TN,FP,FN,TP,Acc,Deep,Training Time
40,3,1,0.760752688172043,0.7651715039577837,0.760752688172043,0.7651715039577837,0.760752688172043,0.7651715039577837,372,379,290,89,89,283,0.762982689747004,39,20740.70573735237
40,7,1,0.7912371134020618,0.8402203856749312,0.8410958904109589,0.7901554404145078,0.8154050464807436,0.8144192256341789,365,386,305,81,58,307,0.8149134487350199,40,25179.00469660759
40,5,1,0.8061797752808989,0.7772151898734178,0.7653333333333333,0.8164893617021277,0.7852257181942545,0.7963683527885863,375,376,307,69,88,287,0.7909454061251664,37,26348.90509057045
40,9,1,0.7908163265306123,0.8217270194986073,0.8288770053475936,0.7824933687002652,0.8093994778067884,0.8016304347826088,374,377,295,82,64,310,0.8055925432756325,40,49389.93688941002
