balance,DEEP MAX,classifier,P1,P2,#Exec,PPV_S,PPV_NS,TPR_S,TPR_NS,F1_S,F1_NS,SUP_S,SUP_NS,TN,FP,FN,TP,Acc,AUC,Deep,Training Time
0,10,kmeans,2,-,6,0.18506493506493507,0.9881756756756757,0.890625,0.6997607655502392,0.3064516129032258,0.819327731092437,64,836,585,251,7,57,0.7133333333333334,0.7951928827751196,10,16503.07259440422
0,10,kmeans,2,-,1,0.1639784946236559,0.9943181818181818,0.953125,0.6279904306220095,0.2798165137614679,0.7697947214076246,64,836,525,311,3,61,0.6511111111111111,0.7905577153110047,10,20526.139322519302
