DEEP MAX,K,#Exec,PPV_S,PPV_NS,TPR_S,TPR_NS,F1_S,F1_NS,SUP_S,SUP_NS,TN,FP,FN,TP,Acc,Deep,Training Time
40,5,1,0.455882352941,0.953632887189,0.2421875,0.981791338583,0.316326530612,0.967507274491,128,2032,1995,37,97,31,0.937962962963,38,20478.056698322296
40,9,1,0.543859649123,0.954350927247,0.244094488189,0.9872110182,0.336956521739,0.970502901354,127,2033,2007,26,96,31,0.943518518519,28,40817.338830947876
40,3,1,0.425287356322,0.957549445248,0.296,0.97542997543,0.349056603774,0.966407010711,125,2035,1985,50,88,37,0.936111111111,29,47119.17845582962
