DEEP MAX,K,#Exec,PPV_S,PPV_NS,TPR_S,TPR_NS,F1_S,F1_NS,SUP_S,SUP_NS,TN,FP,FN,TP,Acc,Deep,Training Time
40,5,1,0.455882352941,0.953632887189,0.2421875,0.981791338583,0.316326530612,0.967507274491,128,2032,1995,37,97,31,0.937962962963,38,20478.056698322296
40,9,1,0.543859649123,0.954350927247,0.244094488189,0.9872110182,0.336956521739,0.970502901354,127,2033,2007,26,96,31,0.943518518519,28,40817.338830947876
40,3,1,0.425287356322,0.957549445248,0.296,0.97542997543,0.349056603774,0.966407010711,125,2035,1985,50,88,37,0.936111111111,29,47119.17845582962
40,3,2,0.345794392523,0.956648806624,0.293650793651,0.965585054081,0.317596566524,0.961096158552,126,2034,1964,70,89,37,0.926388888889,38,16424.86465215683
40,9,2,0.551020408163,0.955945049739,0.225,0.989215686275,0.319526627219,0.97229583233,120,2040,2018,22,93,27,0.946759259259,40,35681.83225059509
40,3,3,0.414893617021,0.95788964182,0.309523809524,0.972959685349,0.354545454545,0.965365853659,126,2034,1979,55,87,39,0.934259259259,36,39777.45121860504
40,7,1,0.481481481481,0.95670995671,0.302325581395,0.979320531758,0.371428571429,0.967883211679,129,2031,1989,42,90,39,0.938888888889,38,122553.48903822899
40,3,4,0.349514563107,0.951871657754,0.266666666667,0.966913580247,0.302521008403,0.959333659971,135,2025,1958,67,99,36,0.923148148148,39,47375.92151474953
40,7,2,0.439393939394,0.958452722063,0.25,0.981898238748,0.318681318681,0.970033832769,116,2044,2007,37,87,29,0.942592592593,39,29070.35776567459
