DEEP MAX,K,#Exec,PPV_S,PPV_NS,TPR_S,TPR_NS,F1_S,F1_NS,SUP_S,SUP_NS,TN,FP,FN,TP,Acc,Deep,Training Time
40,5,1,0.491228070175,0.95577746077,0.231404958678,0.985777341834,0.314606741573,0.97054563013,121,2039,2010,29,93,28,0.943518518519,37,34099.46969175339
40,7,1,0.507462686567,0.953177257525,0.257575757576,0.983727810651,0.341708542714,0.968211599126,132,2028,1995,33,98,34,0.939351851852,33,63469.66301321983
