DEEP MAX,K,#Exec,PPV_S,PPV_NS,TPR_S,TPR_NS,F1_S,F1_NS,SUP_S,SUP_NS,TN,FP,FN,TP,Acc,Deep,Training Time
40,5,1,0.769430051813,0.786301369863,0.792,0.76329787234,0.780551905388,0.774628879892,375,376,287,89,78,297,0.777629826897,35,17348.89408993721
40,3,1,0.733656174334,0.804733727811,0.821138211382,0.712041884817,0.774936061381,0.755555555556,369,382,272,110,66,303,0.765645805593,29,17731.401172876358
40,9,1,0.774752475248,0.809798270893,0.825857519789,0.755376344086,0.799489144317,0.781641168289,379,372,281,91,66,313,0.790945406125,40,23747.302421808243
40,9,2,0.751807228916,0.827380952381,0.843243243243,0.729658792651,0.794904458599,0.775453277545,370,381,278,103,58,312,0.785619174434,30,17208.47520327568
