balance,DEEP MAX,classifier,P1,P2,#Exec,PPV_S,PPV_NS,TPR_S,TPR_NS,F1_S,F1_NS,SUP_S,SUP_NS,TN,FP,FN,TP,Acc,AUC,Deep,Training Time
0,10,nb,5,-,1,0.187878787879,0.992,0.911764705882,0.735177865613,0.311557788945,0.844494892168,68,1012,744,268,6,62,0.746296296296,0.823471285748,9,4501.493482351303
0,10,knn,5,-,1,0.4166666666666667,0.9492337164750958,0.22058823529411764,0.9792490118577075,0.2884615384615385,0.9640077821011673,68,1012,991,21,53,15,0.9314814814814815,0.5999186235759126,10,4670.387036561966
