Balanced,#Exec,PPV_S,PPV_NS,TPR_S,TPR_NS,F1_S,F1_NS,SUP_S,SUP_NS,TN,FP,FN,TP,Acc,AUC0,AUC1
1,0,0.667553191489,0.666666666667,0.667553191489,0.666666666667,0.667553191489,0.666666666667,376,375,251,125,125,250,0.667110519308,0.667109929078,0.667109929078
1,1,0.661375661376,0.664879356568,0.666666666667,0.659574468085,0.66401062417,0.662216288385,375,376,250,125,128,248,0.663115845539,0.663120567376,0.663120567376
