K,#Exec,PPV_S,PPV_NS,TPR_S,TPR_NS,F1_S,F1_NS,SUP_S,SUP_NS,TN,FP,FN,TP,Acc
[0 1],0,0.358490566038,0.783410138249,0.287878787879,0.833333333333,0.319327731092,0.807600950119,66,204,170,34,47,19,0.7
