balance,DEEP MAX,classifier,P1,P2,#Exec,PPV_S,PPV_NS,TPR_S,TPR_NS,F1_S,F1_NS,SUP_S,SUP_NS,TN,FP,FN,TP,Acc,AUC,Deep,Training Time
1,10,dt,5,-,1,0.0229508196721,0.998319327731,0.875,0.665919282511,0.0447284345048,0.79892400807,8,892,594,298,1,7,0.667777777778,0.770459641256,10,863.1881146430969
1,10,svm,5,rbf,1,0.03225806451612903,1.0,1.0,0.7309417040358744,0.0625,0.8445595854922279,8,892,652,240,0,8,0.7333333333333333,0.8654708520179373,10,857.2812542915344
1,10,nb,5,-,1,0.03664921465968586,0.998589562764457,0.875,0.7937219730941704,0.07035175879396985,0.8844472204871955,8,892,708,184,1,7,0.7944444444444444,0.8343609865470851,10,1092.1001183986664
1,10,nb,5,-,2,0.06818181818181818,0.9975369458128078,0.75,0.9080717488789237,0.125,0.9507042253521125,8,892,810,82,2,6,0.9066666666666666,0.8290358744394618,10,1047.7794277668
1,10,dt,5,-,2,0.0276816608997,1.0,1.0,0.684977578475,0.0538720538721,0.813040585496,8,892,611,281,0,8,0.687777777778,0.842488789238,10,1963.9901986122131
1,10,svm,5,rbf,2,0.2777777777777778,0.9965986394557823,0.625,0.9854260089686099,0.3846153846153846,0.9909808342728298,8,892,879,13,3,5,0.9822222222222222,0.8052130044843049,10,2395.2146892547607
