balance,DEEP MAX,classifier,P1,P2,#Exec,PPV_S,PPV_NS,TPR_S,TPR_NS,F1_S,F1_NS,SUP_S,SUP_NS,TN,FP,FN,TP,Acc,AUC,Deep,Training Time
1,10,nb,None,None,1,0.6222222222222222,0.9303703703703704,0.7486631016042781,0.8807854137447405,0.6796116504854369,0.9048991354466859,187,713,628,85,47,140,0.8533333333333334,0.8147242576745093,10,108.56631231307983
1,10,nb,None,None,1,0.641860465116279,0.9284671532846716,0.7379679144385026,0.8920056100981767,0.6865671641791045,0.9098712446351932,187,713,636,77,49,138,0.86,0.8149867622683395,10,88.41544771194458
1,10,nb,None,None,1,0.5942622950819673,0.9359756097560976,0.7754010695187166,0.8611500701262272,0.6728538283062645,0.8970051132213294,187,713,614,99,42,145,0.8433333333333334,0.818275569822472,9,164.92472410202026
1,10,nb,None,None,1,0.647887323943662,0.9286754002911208,0.7379679144385026,0.8948106591865358,0.6900000000000001,0.9114285714285715,187,713,638,75,49,138,0.8622222222222222,0.8163892868125193,10,187.43245816230774
