balance,DEEP MAX,classifier,P1,P2,#Exec,PPV_S,PPV_NS,TPR_S,TPR_NS,F1_S,F1_NS,SUP_S,SUP_NS,TN,FP,FN,TP,Acc,AUC,Deep,Training Time
1,10,nb,[],[],1,0.7887931034482759,0.8090909090909091,0.8133333333333334,0.7841409691629956,0.8008752735229759,0.796420581655481,225,227,178,49,42,183,0.7986725663716814,0.8367107195301028,10,143.75866889953613
1,10,nb,[],[],1,0.7028655161185282,0.7423801203649777,0.7648830616583983,0.676933970614268,0.7325640590531138,0.7081481481481481,11288,11298,7648,3650,2654,8634,0.7208890463118746,0.8095496854181274,10,73.94236373901367
1,10,nb,[],[],1,0.6887966804979253,0.6777251184834123,0.7094017094017094,0.6559633027522935,0.6989473684210528,0.6666666666666666,234,218,143,75,68,166,0.6836283185840708,0.7620363835960167,1,1.3159983158111572
