balance,DEEP MAX,classifier,P1,P2,#Exec,PPV_S,PPV_NS,TPR_S,TPR_NS,F1_S,F1_NS,SUP_S,SUP_NS,TN,FP,FN,TP,Acc,AUC,Deep,Training Time
1,10,nb,None,None,1,0.6222222222222222,0.9303703703703704,0.7486631016042781,0.8807854137447405,0.6796116504854369,0.9048991354466859,187,713,628,85,47,140,0.8533333333333334,0.8147242576745093,10,108.56631231307983
1,10,nb,None,None,1,0.641860465116279,0.9284671532846716,0.7379679144385026,0.8920056100981767,0.6865671641791045,0.9098712446351932,187,713,636,77,49,138,0.86,0.8149867622683395,10,88.41544771194458
1,10,nb,None,None,1,0.5942622950819673,0.9359756097560976,0.7754010695187166,0.8611500701262272,0.6728538283062645,0.8970051132213294,187,713,614,99,42,145,0.8433333333333334,0.818275569822472,9,164.92472410202026
1,10,nb,None,None,1,0.647887323943662,0.9286754002911208,0.7379679144385026,0.8948106591865358,0.6900000000000001,0.9114285714285715,187,713,638,75,49,138,0.8622222222222222,0.8163892868125193,10,187.43245816230774
1,10,nb,None,None,1,0.5121107266435986,0.943461781427669,0.5536159600997507,0.9338752540253243,0.5320551228280407,0.9386440411658419,802,6397,5974,423,358,444,0.8915127100986248,0.7437456070625375,10,703.9126632213593
1,10,nb,None,None,1,0.5137614678899083,0.944049312470365,0.5586034912718204,0.9337189307487885,0.5352449223416966,0.9388557057529079,802,6397,5973,424,354,448,0.8919294346437006,0.7461612110103044,10,3608.8317861557007
1,10,nb,None,None,1,0.4785276073619632,0.9463108824947758,0.5835411471321695,0.9202751289667032,0.5258426966292135,0.9331114281185608,802,6397,5887,510,334,468,0.882761494652035,0.7519081380494365,8,304.09465193748474
1,10,nb,None,None,1,0.5041716328963052,0.9404088050314465,0.527431421446384,0.9349695169610756,0.5155393053016454,0.9376812730265738,802,6397,5981,416,379,423,0.8895679955549382,0.7312004692037297,10,920.9433536529541
