balance,DEEP MAX,classifier,P1,P2,#Exec,PPV_S,PPV_NS,TPR_S,TPR_NS,F1_S,F1_NS,SUP_S,SUP_NS,TN,FP,FN,TP,Acc,AUC,Deep,Training Time
1,10,nb,None,None,1,0.6222222222222222,0.9303703703703704,0.7486631016042781,0.8807854137447405,0.6796116504854369,0.9048991354466859,187,713,628,85,47,140,0.8533333333333334,0.8147242576745093,10,108.56631231307983
1,10,nb,None,None,1,0.641860465116279,0.9284671532846716,0.7379679144385026,0.8920056100981767,0.6865671641791045,0.9098712446351932,187,713,636,77,49,138,0.86,0.8149867622683395,10,88.41544771194458
