DEEP MAX,K,#Exec,PPV_S,PPV_NS,TPR_S,TPR_NS,F1_S,F1_NS,SUP_S,SUP_NS,TN,FP,FN,TP,Acc,Deep,Training Time
40,9,1,0.5024390243902439,0.0,1.0,0.0,0.6688311688311689,0.0,206,204,0,204,0,206,0.5024390243902439,40,14654.875455379486
40,3,1,0.48120300751879697,0.18181818181818182,0.9552238805970149,0.009569377990430622,0.6399999999999999,0.01818181818181818,201,209,2,207,9,192,0.47317073170731705,37,26859.289032936096
40,3,2,0.4902439024390244,0.0,1.0,0.0,0.6579378068739771,0.0,201,209,0,209,0,201,0.4902439024390244,1,1122.774873971939
40,3,3,0.4902439024390244,0.0,1.0,0.0,0.6579378068739771,0.0,201,209,0,209,0,201,0.4902439024390244,21,2146.7086000442505
40,5,1,0.5185185185185185,0.6,0.9905660377358491,0.015151515151515152,0.6807131280388978,0.029556650246305417,212,198,3,195,2,210,0.5195121951219512,39,38489.02958083153
40,5,2,0.4878048780487805,0.0,1.0,0.0,0.6557377049180327,0.0,200,210,0,210,0,200,0.4878048780487805,1,1260.8348696231842
40,5,3,0.5048780487804878,0.0,1.0,0.0,0.6709886547811994,0.0,207,203,0,203,0,207,0.5048780487804878,29,3029.446079015732
40,9,2,0.5048780487804878,0.0,1.0,0.0,0.6709886547811994,0.0,207,203,0,203,0,207,0.5048780487804878,38,30173.59135055542
40,5,4,0.4853658536585366,0.0,1.0,0.0,0.6535303776683087,0.0,199,211,0,211,0,199,0.4853658536585366,32,3112.4139292240143
