balance,DEEP MAX,classifier,P1,P2,#Exec,PPV_S,PPV_NS,TPR_S,TPR_NS,F1_S,F1_NS,SUP_S,SUP_NS,TN,FP,FN,TP,Acc,AUC,Deep,Training Time
0,20,dt,5,-,6,0.411214953271028,0.9683390160740379,0.4036697247706422,0.9692832764505119,0.4074074074074074,0.9688109161793372,109,2051,1988,63,65,44,0.9407407407407408,0.6864765006105771,18,38959.51926589012
0,20,knn,5,-,1,0.5853658536585366,0.9617744218971213,0.22857142857142856,0.991727493917275,0.32876712328767127,0.9765213224724485,105,2055,2038,17,81,24,0.9546296296296296,0.6101494612443518,20,40322.62781500816
